section,title,director,country,year,wikidata
The World View Of Subversive Cinema,Blow Up,Michelangelo Antonioni, Great Britain, 1966,Q658204
The World View Of Subversive Cinema,2001: A Space Odyssey,Stanley Kubrick, Great Britain, 1968,Q103474
The World View Of Subversive Cinema,Last Year At Marienbad,Alain Resnais, France/Italy, 1961,Q225355
The World View Of Subversive Cinema,The Eclipse,Michelangelo Antonioni, France/Italy, 1962,Q1468980
The World View Of Subversive Cinema,Blue Moses,Stan Brakhage, USA, 1962,Q121316092
The World View Of Subversive Cinema,Canyon,Jon Jost, USA, 1971,
The World View Of Subversive Cinema,Disorder (Desordre),Jacques Baratier, France, 1955,Q16631287
The World View Of Subversive Cinema,The Eclipse (L'Eclisse),Michelangelo Antonioni, France/Italy, 1962,Q1468980
The World View Of Subversive Cinema,La Jetee,Chris Marker, France, 1963,Q451434
The World View Of Subversive Cinema,Even Dwarfs Started Small,Werner Herzog, West Germany, 1970,Q688329
The World View Of Subversive Cinema,(Die Angst Des Tormanns Beim Elfmeter),Wim Wenders, Austria, 1972,Q700830
The World View Of Subversive Cinema,(Annee Derniere A Marienbad),Alain Resnais, France/Italy, 1961,Q225355
The World View Of Subversive Cinema,Living In A Reversed World,Theodor Wrismann & Ivo Kohler, Austria, 195?,
The World View Of Subversive Cinema,Masculine - Feminine,Jean-Luc Godard, France, 1966,Q195593
The World View Of Subversive Cinema,Nothing Happened This Morning,David Bienstock, USA, 1965,
The World View Of Subversive Cinema,No More Fleeing (Nicht Mehr Fliehen),Herbert Vesely, West Germany, 1955,Q76940513
The World View Of Subversive Cinema,Rashomon,Akira Kurosawa, Japan, 1951,Q135465
The World View Of Subversive Cinema,Relativity,Ed Emshwiller, USA, 1966,Q55752315
The World View Of Subversive Cinema,(Deux Ou Trois Choses Que Je Sais D'Elle),Jean-Luc Godard, France, 1966,Q232217
The World View Of Subversive Cinema,Zorn'S Lemma,Hollis Frampton, USA, 1970,
The World View Of Subversive Cinema,Weekend,Jean-Luc Godard, France, 1968,Q1812267
The World View Of Subversive Cinema,Why Not,S. Arakawa, USA, 1970,
Revolutionary Film Avant- Garde In Soviet Russia,By The Law,Lev Kuleshov, USSR, 1926,Q477602
Revolutionary Film Avant- Garde In Soviet Russia,Strike (Stachka),Sergei M. Eisenstein, USSR, 1925,Q151177
Revolutionary Film Avant- Garde In Soviet Russia,Earth (Zemlya),Alexnader Dovzhenko, USSR, 1930,Q55188
Revolutionary Film Avant- Garde In Soviet Russia,Arsenal,Alexnader Dovzhenko, USSR, 1929,Q704456
Revolutionary Film Avant- Garde In Soviet Russia,Storm Over Asia (Potomok Chingis-Khan),V.I. Pudovkin, USSR, 1928,
Revolutionary Film Avant- Garde In Soviet Russia,The End Of St. Petersburg,V.I. Pudovkin, USSR, 1927,Q2198716
Revolutionary Film Avant- Garde In Soviet Russia,(Chelovek A Kinoapparatom),Dziga Vertov, USSR, 1929,Q829250
Revolutionary Film Avant- Garde In Soviet Russia,October,Sergei M. Eisenstein, USSR, 1927,Q1156836
Aesthetic Rebels And Rebellious Clowns,Satyricon,Federico Fellini, Italy, 1969,Q18416
Aesthetic Rebels And Rebellious Clowns,"Birds, Orphans, And Fools",Juro Jakubisco, France, 1971,Q3234328
Aesthetic Rebels And Rebellious Clowns,Big Business,J.W. Horne, USA, 1924,
Expressionism: The Cinema Of Unrest,(Das Kabinett Des Dr. Caligari),Robert Wiene, Germany, 1919,Q153886
Expressionism: The Cinema Of Unrest,The Cat And The Canary,Paul Leni, USA, 1927,Q2336169
Expressionism: The Cinema Of Unrest,The Cremator,Juraj Herz, Czechoslavakia, 1968,Q3178853
Expressionism: The Cinema Of Unrest,(Koshikei),Nagisa Oshima, Japan, 1968,Q926134
Expressionism: The Cinema Of Unrest,Capricci,Carmelo Bene, Italy, 1969,Q3657853
Expressionism: The Cinema Of Unrest,(Nostra Signora Dei Turchi),Carmelo Bene, Italy, 1969,Q3878627
Expressionism: The Cinema Of Unrest,(Feu Mathias Pascal),Marcel L'Herbier, France, 1924,Q284980
Expressionism: The Cinema Of Unrest,The Liberation Of Mannique Mechanique,Steve Arnold, USA, 1971,
Expressionism: The Cinema Of Unrest,(De Werkelijkheid Van Karel Appel),Jan Vrijman, Holland, 1962,
Expressionism: The Cinema Of Unrest,Visual Training,Frans Zwartjes, Holland, 1969,
Expressionism: The Cinema Of Unrest,Viva La Muerte,Arrabal, France, 1971,Q3561417
Surrealism: The Cinema Of Shock,Funeral Parade Of Roses,Toshio Matsumoto, Japan, 1969,Q5509114
Surrealism: The Cinema Of Shock,Aos,Yoki Kuri, Japan, 1964,
Surrealism: The Cinema Of Shock,(Un Chien Andalou),Luis Bunuel & Salvador Dali, France, 1929,Q190575
Surrealism: The Cinema Of Shock,The Church Bell (La Cloche),Jean L'Hote, France, 1964,
Surrealism: The Cinema Of Shock,(La Charme Discrete De La Bourgeoisie),Luis Bunuel, France, 1972,Q308920
Surrealism: The Cinema Of Shock,(Spiste Horisonter),Wilhelm Freddie, Denmark, 1950,
Surrealism: The Cinema Of Shock,An Eater,Kazutomo Fuzino, Japan, 1963,
Surrealism: The Cinema Of Shock,Fingerexercise,Robert Schaer, Switzerland, 1969,
Surrealism: The Cinema Of Shock,The Gift (Le Cadeau),Jacques Vasseur & Dick Roberts, France, 1961,
Surrealism: The Cinema Of Shock,L'Age D'Or,Luis Bunuel, France, 1930,Q946849
Surrealism: The Cinema Of Shock,La Gran Siguriya,Jose Val Del Omar, Spain, 1955,
Surrealism: The Cinema Of Shock,Magritte,Luc De Heusch, Belgium, 1955?,Q3277397
Surrealism: The Cinema Of Shock,Mr. Frenhofer And The Minotaur,Sidney Peterson, USA, 1949,
Surrealism: The Cinema Of Shock,8 X 8,Hans Richter, USA, 1957,
Surrealism: The Cinema Of Shock,Our Lady Of The Sphere,Larry Jordan, USA, 1969,Q7111048
Surrealism: The Cinema Of Shock,"The Running, Jumping And Standing Still Film",Richard Lester & Peter Sellers, Great Britain, 1959,Q12127260
Surrealism: The Cinema Of Shock,Runs Good,Pat O'Neill, USA, 1971,
Surrealism: The Cinema Of Shock,(Le Monde De Paul Delvaux),Henri Storck, Belgium, 1947,Q3224667
Surrealism: The Cinema Of Shock,The Lead Shoes,Sidney Peterson, USA, 1949,Q2102747
Surrealism: The Cinema Of Shock,King Kong,Merian C. Cooper, Ernest B. Schoedsack, USA,Q309048
Dada And Pop: Anti-Art?,Black And White Burlesque,Richard Preston, USA, 1958,
Dada And Pop: Anti-Art?,Fotodeath,Al Kouzel, USA, 1958?,
Dada And Pop: Anti-Art?,Anemic Cinema,Marcel Duchamp, France, 1926,Q3620529
Dada And Pop: Anti-Art?,A La Mode,Stan Vanderbeek, USA, 1961,
Dada And Pop: Anti-Art?,(Der Tod Der Maria Malibran),Werner Schroeter, Germany, 1971,Q3210836
Dada And Pop: Anti-Art?,"What, Who, How",Stan Vanderbeek, USA, 1955,
Dada And Pop: Anti-Art?,(En Dag I Staden),Pontus Hulten and Hans Nordenstrom, Sweden, 1956,Q121316149
Dada And Pop: Anti-Art?,Cosmic Ray,Bruce Conner, USA, 1962,Q5174096
Dada And Pop: Anti-Art?,Homage To Jean Tinguely,Robert Breer, USA, 1960,
Dada And Pop: Anti-Art?,Oh Dem Watermelons,Robert Nelson, USA, 1965,
Dada And Pop: Anti-Art?,Pianissimo,Carmen D'Avino, USA, 1963,Q1529316
Dada And Pop: Anti-Art?,Further Adventures Of Uncle Sam,Robert Mitchell and Dale Chase, USA, 1971,Q48741143
Dada And Pop: Anti-Art?,Jamestown Baloos,Robert Breer, USA, 1967,
Dada And Pop: Anti-Art?,Man And Dog Out For Air,Robert Breer, USA, 1957,
Dada And Pop: Anti-Art?,Science Friction,Stan Vanderbeek, USA, 1960,
Dada And Pop: Anti-Art?,Skullduggery,Stan Vanderbeek, USA, 1956,
Dada And Pop: Anti-Art?,Sort Of A Commercial For An Icebag,Michel Hugo, USA, 1970,
Dada And Pop: Anti-Art?,Dreams That Money Can Buy,Hans Richter, USA, 1948,Q2362995
The Comic Tradition,The Navigator,Buster Keaton & Donald Crisp, USA, 1924,Q1195998
The Comic Tradition,Horse Feathers,Norman McLeod, USA, 1932,Q887192
The Comic Tradition,Work,Charles Chaplin, USA, 1915,Q2445896
The Comic Tradition,Monsieur Verdoux,Charles Chaplin, USA, 1947,Q572440
The Comic Tradition,Sunnyside,Charles Chaplin, USA, 1919,Q759443
The Comic Tradition,Limelight,Charles Chaplin, USA, 1952,Q584509
The Destruction Of Time And Space,Meshes Of The Afternoon,Maya Deren, USA, 1940,Q1922418
The Destruction Of Time And Space,Mosaic In Confidence,Peter Kubelka, Austria, 1963,
The Destruction Of Time And Space,Aktion 540,Werner Koenigs, West Germany, 1968,
The Destruction Of Time And Space,Chinese Firedrill,Will Hindle, USA, 1968,
The Destruction Of Time And Space,The Door In The Wall,Glenn H. Alvey, Great Britain, 1956,
The Destruction Of Time And Space,Muriel,Alain Resnais, France/Italy, 1963,Q2625062
The Destruction Of Time And Space,Go Slow On The Brighton,Donald Smith, Great Britain, 1952,
The Destruction Of Time And Space,God Is Dog Spelled Backwards,Don McLaughlin, USA, 1967,
The Destruction Of Time And Space,Hiroshima Mon Amour,Alain Resnais, France/Japan, 1959,Q283036
The Destruction Of Time And Space,The House (Het Huis),Louis A. van Gasteren, Netherlands, 1961,
The Destruction Of Time And Space,In Marin County,Peter Hutton, USA, 1971,
The Destruction Of Time And Space,(Le Sang D'Un Poete),Jean Cocteau, France, 1930,Q3226891
The Destruction Of Time And Space,Prune Flat,Robert Whitman, USA, 1965,
The Destruction Of Time And Space,Power Of Plants,Paul F. Moss and Thelma Schnee, USA, 1949,
The Destruction Of Time And Space,Renaissance,Walerian Borowczyk, France, 1963,Q38842002
The Destruction Of Time And Space,Smoking,Joe Jones, USA, 1970,
The Destruction Of Time And Space,The Incredible Shrinking Man,Jack Arnold, USA, 1957,Q972001
The Destruction Of Plot And Narrative,Eat,Andy Warhol, USA, 1963,Q386066
The Destruction Of Plot And Narrative,Akran,Richard Myers, USA, 1970,
The Destruction Of Plot And Narrative,Anticipation Of The Night,Stan Brakhage, USA, 1957,Q2853164
The Destruction Of Plot And Narrative,L'Avventura,Michelangelo Antonioni, Italy, 1960,Q514531
The Destruction Of Plot And Narrative,Empire,Andy Warhol, USA, 1964,Q177519
The Destruction Of Plot And Narrative,"(Detruire, Dit-Elle)",Marguerite Duras, France, 1969,Q3045436
The Destruction Of Plot And Narrative,(La Later Un Femme Mariee),Jean-Luc Godard, France, 1964,
The Destruction Of Plot And Narrative,Don Giovanni,Carmelo Bene, Italy, 1970,Q3713525
The Destruction Of Plot And Narrative,"Tom, Tom, The Piper'S Son",Ken Jacobs, USA, 1969,Q4445366
The Destruction Of Plot And Narrative,Vampyr,Pedro Portabella, Spain, 1970,
The Destruction Of Plot And Narrative,La Verifica Incerta,Gian Franco Berucello, Alberto Griffi, Italy,
The Destruction Of Plot And Narrative,Katzelmacher,Rainer Werner Fassbinder, West Germany, 1969,Q567519
The Assault On Montage,Wavelength,Michael Snow, USA, 1967,Q2423867
The Assault On Montage,(Prima Della Rivoluzione),Bernardo Bertolucci, Italy, 1964,Q239630
The Assault On Montage,(A Bout De Souffle),Jean-Luc Godard, France, 1959,Q86427
The Assault On Montage,(Chronik Der Anna Magdalena Bach),Jean-Marie Straub, Germany, 1967,Q1114312
The Assault On Montage,Touch Of Evil,Orson Welles, USA, 1957,Q778161
The Assault On Montage,Twice A Man,Gregory J. Markopoulos, USA, 1963,Q101111336
The Assault On Montage,"(Csillagosok, Katonak)",Miklos Jancso, Hungary, 1968,Q873313
The Triumph And Death Of The Moving Camera,The Arrival Of A Train In The Station,Louis Lumiere, France, 1895,Q761952
The Triumph And Death Of The Moving Camera,La Region Centrale,Michael Snow, USA/Canada, 1972,Q3212578
The Triumph And Death Of The Moving Camera,(Der Letzte Mann),F.W. Murnau, Germany, 1924,Q258830
The Triumph And Death Of The Moving Camera,Running Shadow,Robert Fulton, USA, 1971,
The Triumph And Death Of The Moving Camera,(Meg Ker A Nep),Miklos Jancso, Hungary, 1972,Q371945
The Triumph And Death Of The Moving Camera,(Variete),Ewald Andre Dupont, Germany, 1925,Q554984
The Triumph And Death Of The Moving Camera,Railroad,Lutz Mommartz, Germany, 1967,
The Triumph And Death Of The Moving Camera,Color Film,Standish Lawder, USA, 1971,
The Triumph And Death Of The Moving Camera,(Un Film),Sylvina Boissonnas, France, 1969,
The Triumph And Death Of The Moving Camera,Naissant,Stephen Dwoskin, Great Britain, 1967,
The Triumph And Death Of The Moving Camera,Particle Removal Series,David McCullough, USA, 1972,
The Triumph And Death Of The Moving Camera,(Im Schonsten Wiesengrunde),Peter Von Guten, Switzerland, 1968,
The Triumph And Death Of The Moving Camera,Runaway,Standish Lawder, USA, 1970,
The Triumph And Death Of The Moving Camera,Sleep,Andy Warhol, USA, 1963-64,Q1465774
The Triumph And Death Of The Moving Camera,Apotheosis,John Lennon, Great Britain, 1970,Q58814795
Straining Towards The Limits,For Example,S. Arakawa, USA, 1971,
Straining Towards The Limits,Virginity,Roberto Rosselini, episode in Rogopag, Italy,
Straining Towards The Limits,Dead Movie,Taka Iimura, USA, 1968,
Straining Towards The Limits,Mothlight,Stan Brakhage, USA, 1961,Q3325160
Straining Towards The Limits,Olympiad,Lillian Schwartz, USA, 1971,
Straining Towards The Limits,Arnulf Rainer,Peter Kubelka, Austria, 1957,Q21999896
Straining Towards The Limits,Ballet Mechanique,Fernand Leger, France, 1924,
Straining Towards The Limits,Bells Of Atlantis,Ian Hugo, USA, 1953,Q121316070
Straining Towards The Limits,Loops,Norman McLaren, Canada, 1948,
Straining Towards The Limits,Beyond The Law,Norman Mailer, USA, 1968,Q58814597
Straining Towards The Limits,Black Tv,Aldo Tambellini, USA, 1969,
Straining Towards The Limits,Damon The Mower,George Dunning, Great Britain, 1971,
Straining Towards The Limits,Flicker,Tony Conrad, USA, 1966,Q2411410
Straining Towards The Limits,H 2 0,Ralph Steiner, USA, 1929,
Straining Towards The Limits,Pas De Deux,Norman McLaren, Canada, 1968,Q3367156
Straining Towards The Limits,(Nevinost Bez Zastite),Dusan Makavejev, Yugoslavia, 1968,Q2487851
Straining Towards The Limits,Institutional Quality,George Landow, USA, 1969,
Straining Towards The Limits,(Tokyo Senso Sengo Hiwa),Nagisa Oshima, Japan, 1970,Q515626
Straining Towards The Limits,"N.Y., N.Y.",Francis Thompson, USA, 1958,Q6951584
Straining Towards The Limits,Permutations,John Whitney, USA, 1968,
Straining Towards The Limits,Persona,Ingmar Bergman, Sweden, 1965-66,Q695255
Straining Towards The Limits,Fantastic Vision,Eugene Deslaw, Spain/Switzerland, year unknown,
Straining Towards The Limits,The Secret Cinema,Paul Bartel, USA, 1966,Q7762993
Straining Towards The Limits,Ufo'S,Lillian Schwartz and Ken Knowlton, USA, 1972,
Straining Towards The Limits,Tup-Tup,Nedejlko Dragic, Yugoslavia, 1972,Q1726441
International Left And Revolutionary Cinema,A Propos De Nice,Jean Vigo, France, 1930,Q261817
"The West: Rebels, Maoists, And The New Godard - Part One",It Happened Here,Kevin Brownlow and Andrew Mollo, Great Britain, 1964,Q129548
"The West: Rebels, Maoists, And The New Godard - Part One",The Battle Of Algiers,Gille Pontecorvo, Italy, 1966,Q784812
"The West: Rebels, Maoists, And The New Godard - Part One",(Das Unheil),Peter Fleischmann, West Germany, 1972,Q1170630
"The West: Rebels, Maoists, And The New Godard - Part One",Black Panthers,Agnes Varda, USA, 1969,Q2905436
"The West: Rebels, Maoists, And The New Godard - Part One",The Brig,Jonas Mekas, USA, 1964,Q26188926
"The West: Rebels, Maoists, And The New Godard - Part One",The Cry Of Jazz,Edward Bland, USA, 1959,Q2873708
"The West: Rebels, Maoists, And The New Godard - Part One",Deadline For Action,Union Films, USA, 1948?,
"The West: Rebels, Maoists, And The New Godard - Part One",The Bicycle Thief,Vittorio de Sica, Italy, 1949,Q172837
"The West: Rebels, Maoists, And The New Godard - Part One",Delaware,Newsreel film collective, USA, 1968/69,
"The West: Rebels, Maoists, And The New Godard - Part One",Eight Flags For 99 Cents,Charles Olin, USA, 1970,
"The West: Rebels, Maoists, And The New Godard - Part One",An Evil Hour,Peter Wolff, USA, 1970,
"The West: Rebels, Maoists, And The New Godard - Part One",Far From Vietnam,various directors, France, 1965,Q3258662
"The West: Rebels, Maoists, And The New Godard - Part One",The Great Society,Fred Mogubgub, USA, 1967?,
"The West: Rebels, Maoists, And The New Godard - Part One",(Stadtfuhrer Fur Bonn Und Umgebung),Manfred Vosz, West Germany, 1969,
"The West: Rebels, Maoists, And The New Godard - Part One",Hands Over The City,Francesco Rosi, Italy, 1963,Q2253732
"The West: Rebels, Maoists, And The New Godard - Part One",Hail,Fred Levinson, USA, 1971,Q30598450
"The West: Rebels, Maoists, And The New Godard - Part One",(Der Hamburger Aufstand October 1923),Reiner Etz, Gisela Tuchtenhagen,,
"The West: Rebels, Maoists, And The New Godard - Part One",Hog Calling Blues,Neal Pace, USA, 1969,
"The West: Rebels, Maoists, And The New Godard - Part One",Ice,Robert Kramer, USA, 1970,Q1656084
"The West: Rebels, Maoists, And The New Godard - Part One",The Idea,Berthold Bartosch, France, 1931,Q17092250
"The West: Rebels, Maoists, And The New Godard - Part One",I'M A Man,Peter Rosen, USA, 1969,
"The West: Rebels, Maoists, And The New Godard - Part One",I'M Going To Give You All My Love,Jerrold Peil, USA, 1971,
"The West: Rebels, Maoists, And The New Godard - Part One",Les Marines,Francois Reichenbach, Franc, 1957,Q16655114
"The West: Rebels, Maoists, And The New Godard - Part One",(Las Hurdes),Luis Bunuel, Spain, 1932,Q2606896
"The West: Rebels, Maoists, And The New Godard - Part One",Mickey Mouse In Vietnam,Lee Savage, USA, 1968,Q6838747
"The West: Rebels, Maoists, And The New Godard - Part One",The Murder Of Fred Hampton,Mike Gray, USA, 1971,
"The West: Rebels, Maoists, And The New Godard - Part Two",Mr. Freedom,William Klein, France, 1970,Q3316949
"The West: Rebels, Maoists, And The New Godard - Part Two",La Chinoise,Jean-Luc Godard, France, 1967,Q2478879
"The West: Rebels, Maoists, And The New Godard - Part Two",O Dreamland,Lindsay Anderson, Great Britain, 1953,Q518882
"The West: Rebels, Maoists, And The New Godard - Part Two",Palestine,Nick McDonald, USA, 1971,
"The West: Rebels, Maoists, And The New Godard - Part Two",(Le Peuple Et Ses Fusils),Joris Ivens and film collective, France, 1967,Q59692842
"The West: Rebels, Maoists, And The New Godard - Part Two",Pravda,Jean-Luc Godard and Dziga Vertov group, France, 1969,Q3281163
"The West: Rebels, Maoists, And The New Godard - Part Two",Punishment Park,Peter Watkins, Great Britain, 1971,Q1348016
"The West: Rebels, Maoists, And The New Godard - Part Two",Red Squad,Howard Blatt and Steve Fishler, USA, 1972,
"The West: Rebels, Maoists, And The New Godard - Part Two",The Revolutionary Was A Cop,Marc Weiss, USA, 1971,
"The West: Rebels, Maoists, And The New Godard - Part Two",(Pioniere In Ingolstadt),Rainer Werner Fassbinder, West Germany, 1971,Q3905449
"The West: Rebels, Maoists, And The New Godard - Part Two","Robert Wall, Ex-Fbi Agent",Michael Anderson, Paul Jacobs,,
"The West: Rebels, Maoists, And The New Godard - Part Two",The Sorrow And The Pity,Marcel Ophuls, Switzerland, 1971,Q638892
"The West: Rebels, Maoists, And The New Godard - Part Two",(San Michele Aveve Un Gallo),Paolo and Vittorio Taviani, Italy, 1971,
"The West: Rebels, Maoists, And The New Godard - Part Two",Open City,Roberto Rossellini, Italy, 1945,Q721146
"The West: Rebels, Maoists, And The New Godard - Part Two",The Spanish Earth,Joris Ivens, USA, 1937,Q3518630
"The West: Rebels, Maoists, And The New Godard - Part Two",(Espana 68),Unitelefilm Collective, Italy, 1968,
"The West: Rebels, Maoists, And The New Godard - Part Two",(Der Plotzliche Reichtum Der Armen Leute Von Kombach),Volker Schloendorff, West Germany, 1971,Q1199485
"The West: Rebels, Maoists, And The New Godard - Part Two",Sunday,Dan Drasin, USA, 1961,
"The West: Rebels, Maoists, And The New Godard - Part Two",Susan After The Sugar Harvest,Peter Robinson, USA, 1971,
"The West: Rebels, Maoists, And The New Godard - Part Two",Modern Times,Charles Chaplin, USA, 1936,Q45602
"The West: Rebels, Maoists, And The New Godard - Part Two",Three Lives,Kate Millet, USA, 1971,
"The West: Rebels, Maoists, And The New Godard - Part Two",Troublemakers,Robert Machover and Norman Fruchter, USA, 1966,
"The West: Rebels, Maoists, And The New Godard - Part Two",12-12-46,Bernard Stone, USA, 1966,
"The West: Rebels, Maoists, And The New Godard - Part Two",(Los Olvidados),Luis Bunuel, Mexico, 1951,Q572522
"The West: Rebels, Maoists, And The New Godard - Part Two","Valparaiso, Valparaiso",Pascal Aubier, France, 1971,Q16682279
"The West: Rebels, Maoists, And The New Godard - Part Two",Wholly Communion,Peter Whitehead, Great Britain, 1965,Q3545779
"The West: Rebels, Maoists, And The New Godard - Part Two",Wintersoldier,Winter Film Collective, USA, 1972,
"The West: Rebels, Maoists, And The New Godard - Part Two",The Woman'S Film,Judy Smith, Louise Alaimo, and Ellen Sorren,
"The West: Rebels, Maoists, And The New Godard - Part Two",Yippie,Yippie Film Collective, USA, 1968,
"The West: Rebels, Maoists, And The New Godard - Part Two",Zero De Conduite,Jean Vigo, France, 1933,Q613216
Subversion In Eastern Europe: Aesopian Metaphors - Part One,The Deserter And The Nomads,Juro Jakubisco, Czechoslavakia, 1968,Q12779318
Subversion In Eastern Europe: Aesopian Metaphors - Part One,The Critical Years,Juro Jakubisco, Czechoslavakia, 1967 ,
Subversion In Eastern Europe: Aesopian Metaphors - Part One,(Ljubavni Slucaj Ili Tragedija Sluzbenice P.T.T.),Dusan Makavejev, Yugoslavia, 1967,Q666364
Subversion In Eastern Europe: Aesopian Metaphors - Part One,(Magany),Vince Lakatos, Hungary, 1969 ,
Subversion In Eastern Europe: Aesopian Metaphors - Part One,(Wuearod Ludzi),Wladyslaw Slesicki, Poland, 1962 ,
Subversion In Eastern Europe: Aesopian Metaphors - Part One,(Andrej Rubljow),Andrei Tarkovsky, USSR, 1962-66,Q503046
Subversion In Eastern Europe: Aesopian Metaphors - Part One,(A Paty Jezdec Je Strach ... ),Zbynek Brynych, Czechoslavakia, 1964 ,Q7733763
Subversion In Eastern Europe: Aesopian Metaphors - Part One,(Byt),Jan Svankmajer, Czechoslavakia, 1968,
Subversion In Eastern Europe: Aesopian Metaphors - Part One,Bad Luck,Andrzej Munk, Poland, 1961,Q4235137
Subversion In Eastern Europe: Aesopian Metaphors - Part One,"(Ptackove, Sirotci A Blazni)",Juro Jakubisco, France, 1971,
Subversion In Eastern Europe: Aesopian Metaphors - Part One,(A Sekat Dobrotu),Peter Solan, Czechoslavakia, 1968,
Subversion In Eastern Europe: Aesopian Metaphors - Part One,(Fotel),Daniel Szczechura, Poland, 1963,Q65032285
Subversion In Eastern Europe: Aesopian Metaphors - Part One,(Sedmikrasky),Vera Chytilova, Czechoslavakia, 1966,Q910705
Subversion In Eastern Europe: Aesopian Metaphors - Part One,(Strahov),Vera Chytilova, Czechoslavakia, 1966,
Subversion In Eastern Europe: Aesopian Metaphors - Part One,(Don Kihote),Vlado Kristl, Yugoslavia, 1961,
Subversion In Eastern Europe: Aesopian Metaphors - Part One,(Rani Radovi),Zelimir Zilnik, Yugoslavia, 1969,Q2026238
Subversion In Eastern Europe: Aesopian Metaphors - Part One,Everything Is A Number,Stefan Schabenbeck, Poland, 1967,
Subversion In Eastern Europe: Aesopian Metaphors - Part One,(Hori Ma Panenko),Milos Forman, Czechoslavakia, 1967,Q1193389
Subversion In Eastern Europe: Aesopian Metaphors - Part One,(Muha),Aleksander Marks and Vladimir Jutrisa, Yugoslavia, 1967,
Subversion In Eastern Europe: Aesopian Metaphors - Part One,The Hand,Jiri Trnka, Czechoslavakia, 1966,Q3210283
Subversion In Eastern Europe: Aesopian Metaphors - Part One,Identification Marks: None,Jerzy Skolimowski, Poland, 1964,Q3483691
Subversion In Eastern Europe: Aesopian Metaphors - Part One,(Dom),Walerian Borowczyk and Jan Lenica, Poland, 1958,
Subversion In Eastern Europe: Aesopian Metaphors - Part One,The Innocent Sorcerers,Andrzej Wajda, Poland, 1960,Q502655
Subversion In Eastern Europe: Aesopian Metaphors - Part One,Jan Palach,Anonymous, Czechoslavakia, 1969,
Subversion In Eastern Europe: Aesopian Metaphors - Part One,(Zert),Jaromil Jires, Czechoslavakia, 1968,Q774805
Subversion In Eastern Europe: Aesopian Metaphors - Part One,(Labirynth),Jan Lenica, Poland, 1962,
Subversion In Eastern Europe: Aesopian Metaphors - Part One,Joseph Kilian,Pavel Juracek and Jan Schmidt, Czechoslavakia, 1963,Q48671824
Subversion In Eastern Europe: Aesopian Metaphors - Part Two,Ordinary Courage,Evald Schorm, Czechoslavakia, 1964,
Subversion In Eastern Europe: Aesopian Metaphors - Part Two,Warsaw 1956,Jerzy Bossak and Waclaw Kazimierczak, Poland, 1956,
Subversion In Eastern Europe: Aesopian Metaphors - Part Two,(Maszyna),Daniel Szchechura, Poland, 1963,
Subversion In Eastern Europe: Aesopian Metaphors - Part Two,(Vesela Klasa),Bojana Marija, Yugoslavia, 196?,
Subversion In Eastern Europe: Aesopian Metaphors - Part Two,My Dearest Wish,Jan Spata, Czechoslavakia, 1965,
Subversion In Eastern Europe: Aesopian Metaphors - Part Two,(Nije Ptica Sve Sto Leti),Borislav Sajtinac, Yugoslavia, 1970,
Subversion In Eastern Europe: Aesopian Metaphors - Part Two,Passing Days,Nedeljko Dragic, Yugoslavia, 1969,Q121316138
Subversion In Eastern Europe: Aesopian Metaphors - Part Two,Per Aspera Ad Astra,Nedeljko Dragic, Yugoslavia, 1969,
Subversion In Eastern Europe: Aesopian Metaphors - Part Two,(O Slavnosti A Hostech),Jan Nemec, Czechoslavakia, 1966,Q4659196
Subversion In Eastern Europe: Aesopian Metaphors - Part Two,The Role Of My Family In The World Revolution,Bata Cengic, Yugoslavia, 1971,
Subversion In Eastern Europe: Aesopian Metaphors - Part Two,(Szegenylegenyek),Miklos Jancso, Hungary, 1965,Q531109
Subversion In Eastern Europe: Aesopian Metaphors - Part Two,(Lipanjska Gibanja),Zelimir Zilnik, Yugoslavia, 1968,Q12754580
Subversion In Eastern Europe: Aesopian Metaphors - Part Two,(La Tecnica E Il Rito),Miklos Jancso, Italy, 1971,Q15824929
Subversion In Eastern Europe: Aesopian Metaphors - Part Two,(Dwaj Ludzie Z Stafa),Roman Polanski, Poland, 1957,
Subversion In Eastern Europe: Aesopian Metaphors - Part Two,(Bez Naslova),Borivoj Dovnikovic, Yugoslavia, 1965,
Subversion In Eastern Europe: Aesopian Metaphors - Part Two,Walkover,Jerzy Skolimowski, Poland, 1965,Q3565431
Subversion In Eastern Europe: Aesopian Metaphors - Part Two,(Zid),Ante Zaninovic, Yugoslavia, 1966,
Subversion In Eastern Europe: Aesopian Metaphors - Part Two,(Bloudeni),Jan Curik and Antonin Masa, Czechoslavakia, 1965,
Subversion In Eastern Europe: Aesopian Metaphors - Part Two,(Wr - Misterije Organizma),Dusan Makavejev, Yugoslavia, 1971,Q2587098
The Third World: A New Cinema,Death Of A Bureaucrat,Tomas G. Alea, Cuba, 1966,Q6466264
The Third World: A New Cinema,A Report On Torture,Saul Landau and Haskell Wexler, Brazil, 1971,Q23302070
The Third World: A New Cinema,(Il Alienista),Nelson Pereira Dos Santos, Brazil, 1970,Q7713116
The Third World: A New Cinema,Antonio-Das-Mortes,Glauber Rocha, Brazil, 1969,Q2435697
The Third World: A New Cinema,San Lazaro Y Otros Llaman Babalu),Octavio Cortazar, Cuba, 1968,
The Third World: A New Cinema,(Yawar Mallku),Jorge Sanjines, Bolivia, 1970,Q4927841
The Third World: A New Cinema,Memories Of Underdevelopment,Tomas G. Alea, Cuba, 1969,Q2645467
The Third World: A New Cinema,(Desnutricion Infantil),Alvaro Ramirez, Chile, 1969,
The Third World: A New Cinema,Culebra: The Beginning,Diego de la Texera, Puerto Rico, 1971,Q121316107
The Third World: A New Cinema,Emitai,Ousmane Sembene, Senegal, 1971,Q5372649
The Third World: A New Cinema,(La Primera Carga Al Machete),Manuel Octavio Gomez, Cuba, 1969,Q16652571
The Third World: A New Cinema,(Os Deuses E Os Mortos),Ruy Guerra, Brazil, 1970,Q3232105
The Third World: A New Cinema,(Os Herdeiros),Carlos Diegues, Brazil, 1968/9,Q3233271
The Third World: A New Cinema,Lbj,Santiago Alvarez, Cuba, 1968,Q67401713
The Third World: A New Cinema,(The Money Order),Oushane Sembene, Senegal, 1968,Q2014254
The Third World: A New Cinema,Macunaima,Joachim Pedro de Andrade, Brazil, 1969,Q1576347
The Third World: A New Cinema,Now,Santiago Alvarez, Cuba, 1965,
The Third World: A New Cinema,Prato Palomares,Andre Faria, Brazil, 1970,
The Third World: A New Cinema,Que Hacer?,Saul Landau, James Becket, Raul Ruiz,Q8076381
The Third World: A New Cinema,(Reed: Mexico Insurgente),Paul Leduc, Mexico, 1971,Q7306615
The Third World: A New Cinema,The Twilight Of The Damned,Ahmed Rachedi, Algeria, 1970,
The Third World: A New Cinema,(La Formula Secreta),Ruben Gomez, Mexico, 1966,Q19516217
The Third World: A New Cinema,(79 Primaveras),Santiago Alvarez, Cuba, 1969,
The Third World: A New Cinema,(Tempo Di Violencia),Anonymous, Argentina, 1970,
The Third World: A New Cinema,(La Hora De Los Hornos),Fernando Solanas, Argentina, 1967,Q3950846
East Germany: Against The West,Aktion J,Walter Heynowski, East Germany, 1961,Q116770886
East Germany: Against The West,(Urlaub Auf Sylt),Annelie and Andrew Thorndike, East Germany, 1959,Q69356005
East Germany: Against The West,O.K.,Walter Heynowski, East Germany, 1964,
East Germany: Against The West,(Piloten Im Pyjama),Walter Heynowski and Gerhard Scheumann, East Germany, 1968,
East Germany: Against The West,(Feine Spielwaren - Made In Usa),Guenter Raetz, East Germany, 1969,
East Germany: Against The West,The Laughing Man,Walter Heynowski and Gerhard Scheumann, East Germany, 1967,Q1199308
The Terrible Poetry Of Nazi Cinema,(Triumph Des Willens),Leni Riefenstahl, Germany, 1936,Q156497
The Terrible Poetry Of Nazi Cinema,(Hitlerjunge Quex),Hans Steinoff, Germany, 1933,Q406920
The Terrible Poetry Of Nazi Cinema,(Feuertaufe),Hans Bertram, Germany, 1940,
The Terrible Poetry Of Nazi Cinema,Hans Westmar,Franz Wenzler, Germany, 1933,Q442253
The Terrible Poetry Of Nazi Cinema,(Jud Suss),Veit Harlan, Germany, 1940,Q818849
The Terrible Poetry Of Nazi Cinema,(Der Ewige Jude),Fritz Hippler, Germany, 1940,Q165642
Secrets And Revelations,The Rules Of The Game,Jean Renoir, France, 1938,Q748599
Secrets And Revelations,To Stop Worrying And Love The Bomb,Stanley Kubrick, Great Britain, 1964,Q105702
Secrets And Revelations,Acupunctural Anaesthesia,Peking Television, People's Republic of China, 1971?,
Secrets And Revelations,(Love),Yoji Kuri, Japan, 1964,
Secrets And Revelations,Beauty Knows No Pain,Elliot Erwitt, USA, 1971,
Secrets And Revelations,(Shonen),Nagisa Oshima, Japan, 1969,
Secrets And Revelations,The Casting,James Pasternak, USA, 1971,
Secrets And Revelations,The Criminal Life Of Archibaldo De La Cruz,Luis Bunuel, Mexico, 1955,Q776472
Secrets And Revelations,(Le Genou De Claire),Eric Rohmer, France, 1970,Q1094852
Secrets And Revelations,Cuckoo Waltz,Edward van Moerkerken, Holland, 1955,
Secrets And Revelations,Dinner Three Minutes,Jean-Paul Vroom, Netherlands, 1969,
Secrets And Revelations,The Dove,George Coe, USA, 1971,Q7730768
Secrets And Revelations,Dreams That Money Can Buy,Hans Richter, USA, 1948,Q2362995
Secrets And Revelations,Eikka Katappa,Werner Schroeter, West Germany, 1970,
Secrets And Revelations,Faces,John Cassavetes, USA, 1968,Q2241601
Secrets And Revelations,(Powszedni Dzien Gestapowsca Schmidta),Jerzy Ziarnik, Poland, 1964,
Secrets And Revelations,(Le Bonheur),Agnes Varda, France, 1966,Q1168501
Secrets And Revelations,Queen Kelly,Erich Von Stroheim, USA, 1928,Q288491
Secrets And Revelations,(Wie Ich Ein Schwarzer Wurde),Roland Gall, West Germany, 1970,
Secrets And Revelations,"(Ich Liebe Dich, Ich Tote Dich)",Uwe Brandner, West Germany, 1971,Q17630794
Secrets And Revelations,(Nihonto - Monogatari),T. Asano, Japan, 1958,
Secrets And Revelations,(Land Des Schweigens Und Der Dunkelheit),Werner Herzog, West Germany, 1971,Q2870474
Secrets And Revelations,"Margalit, The Highway Queen",Menahem Golan, Israel, 1971,
Secrets And Revelations,(Postschi),Daryush Mehrjui, Iran, 1971,
Secrets And Revelations,Putney Swope,Robert Downey, USA, 1969,Q7262376
Secrets And Revelations,(Paris Nous Appartient),Jacques Rivette, France, 1958/60,Q25513
Secrets And Revelations,(Le Revelateur),Phillippe Garrel, France, 1968,Q6507640
Secrets And Revelations,Salesman,David and Albert Maysles, USA, 1969,Q2586674
Secrets And Revelations,The Scandalous Adventures Of Buraikan,Masahiro Shinoda, Japan, 1970,Q2928298
Secrets And Revelations,The Path,Richard Myers, USA, 1961,
Secrets And Revelations,(Geschichten Vom Kubelkind),Ula Stoeckl and Edgar Reitz, West Germany, 1970,Q28788752
Secrets And Revelations,Titicut Follies,Frederick Wiseman, USA, 1967,Q144521
Secrets And Revelations,Fata Morgana,Werner Herzog, West Germany, 1970,Q2266061
The Power Of The Visual Taboo,The Bed,James Broughton, USA, 1967,
The Power Of The Visual Taboo,A Clockwork Orange,Stanley Kubrick, Great Britain, 1971,Q181086
The Power Of The Visual Taboo,"About Sex, But Were Afraid To Ask",Woody Allen, USA, 1972,Q499697
The Power Of The Visual Taboo,(Et Dieu Crea La Femme),Roger Vadim, France, 1956,Q1129547
The Power Of The Visual Taboo,Events,Fred Baker, USA, 1970,
The Power Of The Visual Taboo,The Bloodthirsty Fairy,Roland Lethem, Belgium, 1968,Q61978411
The Power Of The Visual Taboo,(Mama Und Papa),Otto Muehl, Austria, 1963/69,
The Power Of The Visual Taboo,Ordinary Fascism,Mikhail Romm, USSR, 1965,
The Power Of The Visual Taboo,Otmar Bauer Presents,Otmar Bauer, West Germany, 1970?,
The Power Of The Visual Taboo,The Act Of Seeing With One'S Own Eyes,Stan Brakhage, USA, 1972,Q7712293
The Power Of The Visual Taboo,Hiroshima,M. Ogasawara and Y. Matsukawa, Japan, 1970,
The Power Of The Visual Taboo,Vampyr,Carl Theodor Dreyer, Germany/France, 1931,Q304923
The Power Of The Visual Taboo,Strike,Sergei Eisenstein, USSR, 1924,Q151177
The Power Of The Visual Taboo,Vertigo,Alfred Hitchcock, USA, 1958,Q202548
The Attack On Puritanism: Nudity,Hallucinations,Peter Weiss, Sweden, 1952,
The Attack On Puritanism: Nudity,The Bed,James Broughton, USA, 1967,
The Attack On Puritanism: Nudity,The Most Beautiful Age,Jaroslav Papousek, Czechoslavakia, 1968,
The Attack On Puritanism: Nudity,Documentary Footage,Morgan Fisher, USA, 1968,
The Attack On Puritanism: Nudity,Ecstasy,Gustav Machaty, Czechoslavakia, 1933,Q369346
The Attack On Puritanism: Nudity,The Golden Positions,James Broughton, USA, 1970,
The Attack On Puritanism: Nudity,Le Gai Savoir,Jean-Luc Godard, France, 1969,Q2759885
The Attack On Puritanism: Nudity,Les Males,Gilles Carle, Canada, 1971,Q3234099
The Attack On Puritanism: Nudity,Vixen,Russ Meyer, USA, 1968,Q3561683
The Attack On Puritanism: Nudity,Fly,Yoko Ono, USA, 1971,
The Attack On Puritanism: Nudity,Number 4,Yoko Ono, Great Britain, 1968,
The Attack On Puritanism: Nudity,How Tasty Was My Little Frenchman,Nelson Pereira Dos Santos, Brazil, 1971,Q2615028
The End Of Sexual Taboos: Erotic And Pornographic Cinema - Part One,Loves Of A Blonde,Milos Forman, Czechoslavakia, 1965,Q1214524
The End Of Sexual Taboos: Erotic And Pornographic Cinema - Part One,The Decameron,Pier Paolo Pasolini, Italy/France/Germany, 1970,Q720159
The End Of Sexual Taboos: Erotic And Pornographic Cinema - Part One,And God Created Woman,Roger Vadim, France, 1956,Q1129547
The End Of Sexual Taboos: Erotic And Pornographic Cinema - Part One,Barbarella,Roger Vadim, France, 1968,Q41132
The End Of Sexual Taboos: Erotic And Pornographic Cinema - Part One,Danish Blue,Gabriel Axel, Denmark, 1968,
The End Of Sexual Taboos: Erotic And Pornographic Cinema - Part One,Black Pudding,Nancy Edell, Great Britain, 1971,
The End Of Sexual Taboos: Erotic And Pornographic Cinema - Part One,The Continuing Story Of Carel And Ferd,Arthur Ginsberg, USA, 1972,Q20874589
The End Of Sexual Taboos: Erotic And Pornographic Cinema - Part One,Flesh,Paul Morrisey, USA, 1968,Q1428092
The End Of Sexual Taboos: Erotic And Pornographic Cinema - Part One,Coming Apart,Milton Moses Ginsberg, USA, 1969,Q16950461
The End Of Sexual Taboos: Erotic And Pornographic Cinema - Part One,Dear John,Lars Magnus Lindgren, Sweden, 1964,Q653375
The End Of Sexual Taboos: Erotic And Pornographic Cinema - Part One,The Lickerish Quartet,Radley Metzger, USA, 1970,Q7747101
The End Of Sexual Taboos: Erotic And Pornographic Cinema - Part One,Everready,Anonymous, USA, circa 1925,
The End Of Sexual Taboos: Erotic And Pornographic Cinema - Part One,Electrosex,Anonymous, USA, 1970,
The End Of Sexual Taboos: Erotic And Pornographic Cinema - Part One,"Make Love, Not War",Zlatko Grgic, Yugoslavia, 1971,
The End Of Sexual Taboos: Erotic And Pornographic Cinema - Part One,Fuses,Carolee Schneemann, USA, 1964-67,Q111723679
The End Of Sexual Taboos: Erotic And Pornographic Cinema - Part One,Fritz The Cat,Ralph Bakshi, USA, 1972,Q1418615
The End Of Sexual Taboos: Erotic And Pornographic Cinema - Part One,The Go-Between,Joseph Losey, Great Britain, 1971,Q664020
The End Of Sexual Taboos: Erotic And Pornographic Cinema - Part One,Casanova,Alexander Wolkov, France, 1927,Q2940804
The End Of Sexual Taboos: Erotic And Pornographic Cinema - Part One,Blow-Up,Michelangelo Antonioni, Great Britain, 1966,Q658204
The End Of Sexual Taboos: Erotic And Pornographic Cinema - Part Two,L'Opera Mouffe,Agnes Varda, France, 1958,Q3204570
The End Of Sexual Taboos: Erotic And Pornographic Cinema - Part Two,Last Tango In Paris,Bernardo Bertolucci, France/Italy, 1972,Q570567
The End Of Sexual Taboos: Erotic And Pornographic Cinema - Part Two,Echoes Of Silence,Peter Emanuel Goldman, USA, 1965,Q56306970
The End Of Sexual Taboos: Erotic And Pornographic Cinema - Part Two,History Of The Blue Movie,Alex de Renzie, USA, 1971,Q4657342
The End Of Sexual Taboos: Erotic And Pornographic Cinema - Part Two,(Jag Ar Nyfiken - Gul / Bla),Vilgot Sjoman, Sweden, 1967,
The End Of Sexual Taboos: Erotic And Pornographic Cinema - Part Two,The Conformist,Bernardo Bertolucci, Italy/France/West Germany, 1970,Q1198812
The End Of Sexual Taboos: Erotic And Pornographic Cinema - Part Two,Kodak Love Poems,Andre Noren, USA, 1970,
The End Of Sexual Taboos: Erotic And Pornographic Cinema - Part Two,Belle De Jour,Luis Bunuel, France, 1966,Q470375
The End Of Sexual Taboos: Erotic And Pornographic Cinema - Part Two,Orange,Karen Johnson, USA, 1969,
The End Of Sexual Taboos: Erotic And Pornographic Cinema - Part Two,Quiet Days In Clichy,Jens Jorgen Thorsten, Denmark, 1970,Q1358956
The End Of Sexual Taboos: Erotic And Pornographic Cinema - Part Two,Psychomontage,Eberhard and Phyllis Kronhausen, USA, 1960?,
The End Of Sexual Taboos: Erotic And Pornographic Cinema - Part Two,Schoolgirl,David Reberg, USA, 1971,
The End Of Sexual Taboos: Erotic And Pornographic Cinema - Part Two,Secrets Of Life,Victor Faccinto, USA, 1971,
The End Of Sexual Taboos: Erotic And Pornographic Cinema - Part Two,Sex,David Avidan, Israel, 1971,
The End Of Sexual Taboos: Erotic And Pornographic Cinema - Part Two,Room Service 75,Fred Baker, USA, 1971,
The End Of Sexual Taboos: Erotic And Pornographic Cinema - Part Two,Shadow Of An Apple,Robert Lapoujade, France, 1965?,
The End Of Sexual Taboos: Erotic And Pornographic Cinema - Part Two,Kama Sutra Rides Again,Bob Godfrey, Great Britain, 1971,Q1674701
The End Of Sexual Taboos: Erotic And Pornographic Cinema - Part Two,Tales,Cassandra Gerstein, USA, 1970,
The End Of Sexual Taboos: Erotic And Pornographic Cinema - Part Two,Pandora'S Box,G.W. Pabst, Germany, 1928,Q700736
The End Of Sexual Taboos: Erotic And Pornographic Cinema - Part Two,A Stranger Knocks,Johan Jacobsen, Denmark, 1963,Q12310044
The End Of Sexual Taboos: Erotic And Pornographic Cinema - Part Two,Pickpocket,Robert Bresson, France, 1958,Q664726
The End Of Sexual Taboos: Erotic And Pornographic Cinema - Part Two,Take Me,Stephen Dwoskin, Great Britain, 1969,
The End Of Sexual Taboos: Erotic And Pornographic Cinema - Part Two,Weekend,Jean-Luc Godard, France, 1968,Q1812267
The End Of Sexual Taboos: Erotic And Pornographic Cinema - Part Two,What Goes On At Sex Therapy Clinics,Community Medical Cablecasting, USA, 1972,
The End Of Sexual Taboos: Erotic And Pornographic Cinema - Part Two,She Done Him Wrong,Lowell Sherman, USA, 1933,Q62163
The End Of Sexual Taboos: Erotic And Pornographic Cinema - Part Two,Unfolding,Constance Beeson, USA, 1969,
The End Of Sexual Taboos: Homosexuality And Other Variants - Part One,Satyricon,Federico Fellini, France/Italy, 1969,Q18416
The End Of Sexual Taboos: Homosexuality And Other Variants - Part One,Holding,Constance Beeson, USA, 1971,
The End Of Sexual Taboos: Homosexuality And Other Variants - Part One,From The Lascivious Wotan,Otto Muehl, Austria, 1971,
The End Of Sexual Taboos: Homosexuality And Other Variants - Part One,The Queen,Frank Simon, USA, 1968,Q48968601
The End Of Sexual Taboos: Homosexuality And Other Variants - Part One,(L'Orribile Segreto Del Dottor Hitchcock),Riccardo Freda aka Robert Hampton, Italy, 1962,
The End Of Sexual Taboos: Homosexuality And Other Variants - Part One,Some Like It Hot,Billy Wilder, USA, 1958,Q190086
The End Of Sexual Taboos: Homosexuality And Other Variants - Part One,Belle De Jour,Luis Bunuel, France, 1966,Q470375
The End Of Sexual Taboos: Homosexuality And Other Variants - Part One,(La Fee Sanguinaire),Roland Lethum, Belgium, 1968,Q61978411
The End Of Sexual Taboos: Homosexuality And Other Variants - Part One,The Conformist,Bernardo Bertolucci, Italy/France/West Germany, 1970,Q1198812
The End Of Sexual Taboos: Homosexuality And Other Variants - Part One,Blow Job,Andy Warhol, USA, 1963/64,Q885485
The End Of Sexual Taboos: Homosexuality And Other Variants - Part One,Un Chant D'Amour,Jean Genet, France, 1950,Q1304788
The End Of Sexual Taboos: Homosexuality And Other Variants - Part One,(Mais Ne Nous Deliverez Pas Du Mal),Joel Seria, France, 1971,
The End Of Sexual Taboos: Homosexuality And Other Variants - Part One,Cybele,Donald Ritchie, Japan, 1968,
The End Of Sexual Taboos: Homosexuality And Other Variants - Part One,Emperor Tomato Ketchup,Shuji Terayama, Japan, 1972,Q822073
The End Of Sexual Taboos: Homosexuality And Other Variants - Part One,A Clockwork Orange,Stanley Kubrick, Great Britain, 1971,Q181086
The End Of Sexual Taboos: Homosexuality And Other Variants - Part One,"About Sex, But Were Afraid To Ask",Woody Allen, USA, 1972,Q499697
The End Of Sexual Taboos: Homosexuality And Other Variants - Part One,Le Depart,Jerzy Skolimowski, Belgium, 1967,Q1197125
The End Of Sexual Taboos: Homosexuality And Other Variants - Part One,Les Impures,Pierre Chevalier, France, 1954,Q3233304
The End Of Sexual Taboos: Homosexuality And Other Variants - Part One,(Shinjuku Dorobo Nikki),Nagisa Oshima, Japan, 1968/69,Q1137042
The End Of Sexual Taboos: Homosexuality And Other Variants - Part One,The Embryo,Koji Wakamatsu, Japan, 1966,Q2467132
The End Of Sexual Taboos: Homosexuality And Other Variants - Part One,Fireworks,Kenneth Anger, USA, 1947,Q670589
The End Of Sexual Taboos: Homosexuality And Other Variants - Part One,Flaming Creatures,Jack Smith, USA, 1962,Q947538
The End Of Sexual Taboos: Homosexuality And Other Variants - Part One,Viridiana,Luis Bunuel, Spain/Mexico, 1961,Q852841
The End Of Sexual Taboos: Homosexuality And Other Variants - Part One,Flesh Of Morning,Stan Brakhage, USA, 1956,
The End Of Sexual Taboos: Homosexuality And Other Variants - Part One,Fragment Of Seeking,Curtis Harrington, USA, 1946,
The End Of Sexual Taboos: Homosexuality And Other Variants - Part One,(Morte A Venezia),Luschino Visconti, Italy, 1971,Q742308
The End Of Sexual Taboos: Homosexuality And Other Variants - Part Two,The Damned,Luschino Visconti, Italy/West Germany, 1969,Q637849
The End Of Sexual Taboos: Homosexuality And Other Variants - Part Two,Frenzy,Alfred Hitchcock, Great Britain, 1971,Q221587
The End Of Sexual Taboos: Homosexuality And Other Variants - Part Two,The Servant,Joseph Losey, Great Britain, 1963,Q2264443
The End Of Sexual Taboos: Homosexuality And Other Variants - Part Two,Heat,Paul Morrisey, USA, 1972,Q1149669
The End Of Sexual Taboos: Homosexuality And Other Variants - Part Two,"Sodern Die Situation, In Der Er Lebt)",Rosa von Praunheim, West Germany, 1971,
The End Of Sexual Taboos: Homosexuality And Other Variants - Part Two,Lovemaking,Stan Brakhage, USA, 1969,
The End Of Sexual Taboos: Homosexuality And Other Variants - Part Two,M,Fritz Lang, Germany, 1931,Q127021
The End Of Sexual Taboos: Homosexuality And Other Variants - Part Two,Mona,Bill Osco, USA, 1970,
The End Of Sexual Taboos: Homosexuality And Other Variants - Part Two,The Man From Onan,Alan Ruskin, USA, 1971,
The End Of Sexual Taboos: Homosexuality And Other Variants - Part Two,(Souffle Au Coeur),Louis Malle, France, 1971,Q686059
The End Of Sexual Taboos: Homosexuality And Other Variants - Part Two,(Besonders Wertvoll),Helmuth Costard, Germany, 1968,Q830018
The End Of Sexual Taboos: Homosexuality And Other Variants - Part Two,Portrait Of Jason,Shirley Clarke, USA, 1967,Q15052466
The End Of Sexual Taboos: Homosexuality And Other Variants - Part Two,Sodoma,Otto Muehl, Austria, 1970,
The End Of Sexual Taboos: Homosexuality And Other Variants - Part Two,(Mama Und Papa),Otto Muehl, Austria, 1963-69,
The End Of Sexual Taboos: Homosexuality And Other Variants - Part Two,Verhalten Der Frauen Selber Zu Erkennen!),Helmuth Costard, West Germany, 1969,Q15805836
The End Of Sexual Taboos: Homosexuality And Other Variants - Part Two,Impudence In Grunwald,Guenter Brus and Otmar Bauer, Germany, 1969,
The End Of Sexual Taboos: Homosexuality And Other Variants - Part Two,(Okasareta Byakui),Koji Wakamatsu, Japan, 1967,
The End Of Sexual Taboos: Homosexuality And Other Variants - Part Two,(Hvorfor Goer De Det?),Phyllis and Eberhard Kronhausen, Denmark, 1971,
The End Of Sexual Taboos: Homosexuality And Other Variants - Part Two,Trash,Paul Morrisey, USA, 1970,Q963014
The First Mystery: Birth,Kirsa Nicholina,Gunvor Nelson, USA, 1970,
The First Mystery: Birth,All My Babies,George Stoney, USA, 1953,Q2326990
The First Mystery: Birth,(Sa Borgar Livet),Lars Wallen, Sweden, 1968,
The First Mystery: Birth,The Private Life Of A Cat,Alexander Hammid, USA, 1946,Q25999725
The First Mystery: Birth,Window Water Baby Moving,Stan Brakhage, USA, 1959,Q8024356
The Ultimate Secret: Death,Pigpen Aka Pigsty,Pier Paolo Pasolini, France/Italy, 1969,
The Ultimate Secret: Death,The Act Of Seeing With One'S Own Eyes,Stan Brakhage, USA, 1972,Q7712293
The Ultimate Secret: Death,Birth And Death,Arthur and Evelyn Barron, USA, 1968,
The Ultimate Secret: Death,(Le Sang Des Betes),Georges Franju, France, 1949,Q3226906
The Ultimate Secret: Death,Death Day,Visuals: Sergei Eisenstein, Mexico, 1934,Q18221294
The Ultimate Secret: Death,(Les Diaboliques),Henri-Georges Clouziot, France, 1955,Q739046
The Ultimate Secret: Death,The End Of One,Paul Kocela, USA, 1971,
The Ultimate Secret: Death,Death In Venice,Luschino Visconti, Italy, 1971,Q742308
The Ultimate Secret: Death,(Jeux Inderdits),Rene Clement, France, 1952,
The Ultimate Secret: Death,Germ And Chemical Warfare,CBS News, USA, 1968,
The Ultimate Secret: Death,Interviews With My Lai Veterans,Joseph Strick, USA, 1971,Q1671458
The Ultimate Secret: Death,The Cremator,Juraj Herz, Czechoslovakia, 1968,Q3178853
The Ultimate Secret: Death,It Is Good To Live,Fumio Kamei, Japan, 1958,
The Ultimate Secret: Death,(Posledni Veci Cloveka),Jovan Kubicek, Czechoslavakia, 1967,
The Ultimate Secret: Death,A Movie,Bruce Conner, USA, 1958,Q2650998
The Ultimate Secret: Death,Fly,Yoko Ono, Great Britain, 1970,
The Ultimate Secret: Death,Necrology,Standish Lawder, USA, 1969,
The Ultimate Secret: Death,Wintersoldier,Winterfilm Collective, USA, 1972,
The Ultimate Secret: Death,The Race,William Copland, Australia, 1970,
The Ultimate Secret: Death,(Zrcadleni),Evald Schorm, Czechoslavakia, 1965,
The Ultimate Secret: Death,The Loved One,Tony Richardson, Great Britain, 1965,Q1758096
The Ultimate Secret: Death,Rite Of Love And Death,Yukio Mishima, Japan, 1965,
The Ultimate Secret: Death,Sirius Remembered,Stan Brakhage, USA, 1959,
The Ultimate Secret: Death,(Vivre),Carlos Vilardebo, France, 1960?,
The Ultimate Secret: Death,(L'Aube Des Damnes),Ahmed Rachedi, Algeria, 1970,
The Ultimate Secret: Death,"Vietnam, Land Of Fire",No credits available, France, 1966,
The Ultimate Secret: Death,Episode In Love And The City,Michelangelo Antonioni, Italy, 1953,
The Ultimate Secret: Death,The War Game,Peter Watkins, Great Britain, 1965,Q1248388
The Ultimate Secret: Death,Death By Hanging,Nagisa Oshima, Japan, 1968,Q926134
The Ultimate Secret: Death,Ordinary Fascism,Mikhail Romm, USSR, 1965,
Concentration Camps,(Archaeologia),Andrzej Brzozowski, Poland, 1967,
Concentration Camps,(Mesto Darovane),Vladimir Kressl, Czechoslavakia, 1968,Q11775225
Concentration Camps,Camps Of The Dead,Allied cameramen, France, 1947,
Concentration Camps,(Motyli Tady Neziji),Miro Bernat, Czechoslovakia, 1958,Q44916819
Concentration Camps,Chotyn - 5 Km,Igor Kolovsky, USSR, 1968,
Concentration Camps,(Les Jeux Des Anges),Walerian Borowczyk, France, 1964,Q3830878
Concentration Camps,(Ghetto Terezin),Alfred Radok, Czechoslovakia, 1948,
Concentration Camps,(Bylem Kapo),Tadeusz Jaworski, Poland, 1964,
Concentration Camps,Memorandum,Donald Brittain and John Spotten, Canada, 1966,Q6815312
Concentration Camps,(Nuit Et Brouillard),Alain Resnais, France, 1955,Q706373
Concentration Camps,"Sighet, Sighet",Harold Becker, USA, 1967,
Concentration Camps,Warsaw Ghetto,Anonymous, Germany, 1943/44,
The Attack On God: Blasphemy And Anti-Clericalism,(Episode In Rogopag),Pier Paolo Pasolini, Italy, 1962,
The Attack On God: Blasphemy And Anti-Clericalism,L'Age D'Or,Luis Bunuel, France, 1930,Q946849
The Attack On God: Blasphemy And Anti-Clericalism,(Archandel Gabriel A Pani Husa),Jiri Trnka, Czechoslavakia, 1965,Q3202256
The Attack On God: Blasphemy And Anti-Clericalism,Golden Showers,James Broughton, USA, 1970,
The Attack On God: Blasphemy And Anti-Clericalism,Constitution And Censorship,Stephen Sharff, USA, 1953,
The Attack On God: Blasphemy And Anti-Clericalism,Viva La Muerte,Arrabal, France, 1971,Q3561417
The Attack On God: Blasphemy And Anti-Clericalism,Every Seventh Child,Jack Willis, USA, 1967,
The Attack On God: Blasphemy And Anti-Clericalism,Les Souffrances D'Un Oeuf Meurtri,Roland Lethem, Belgium, 1967,
The Attack On God: Blasphemy And Anti-Clericalism,L'Imitation Du Cinema,Marcel Marien, Belgium, 1959,Q14942129
The Attack On God: Blasphemy And Anti-Clericalism,Marjoe,Howard Smith and Sarah Kernochan, USA, 1972,Q1763495
The Attack On God: Blasphemy And Anti-Clericalism,Nazarin,Luis Bunuel, Mexico, 1958,Q386522
The Attack On God: Blasphemy And Anti-Clericalism,(Le Miracolo),Roberto Rossellini, Italy, 1948,
The Attack On God: Blasphemy And Anti-Clericalism,(Matka Joanna Od Aniolow),Jerzy Kawalerowicz, Poland, 1961,Q2339978
The Attack On God: Blasphemy And Anti-Clericalism,The Decameron,Pier Paolo Pasolini, Italy/France/West Germany, 1970,Q720159
The Attack On God: Blasphemy And Anti-Clericalism,A Note From Above,Derek Phillips, Great Britain, 1969,
The Attack On God: Blasphemy And Anti-Clericalism,(Maria-Empfangnis-Aktion-Hermann Nitsch),Irm and Ed Sommer, West Germany, 1969,
The Attack On God: Blasphemy And Anti-Clericalism,(La Religieuse),Jacques Rivette, France, 1965,Q965569
The Attack On God: Blasphemy And Anti-Clericalism,Rape,Wim van der Linden, Holland, 1966,
The Attack On God: Blasphemy And Anti-Clericalism,The Pilgrim,Charles Chaplin, USA, 1922,Q1151401
The Attack On God: Blasphemy And Anti-Clericalism,Roma,Federico Fellini, Italy, 1972,Q18423
The Attack On God: Blasphemy And Anti-Clericalism,Simon Of The Desert,Luis Bunuel, Mexico, 1966,Q2357585
The Attack On God: Blasphemy And Anti-Clericalism,Viridiana,Luis Bunuel, Mexico, 1961,Q852841
Trance And Witchcraft,Witchcraft Through The Ages,Benjamin Christensen, Sweden, 1922,Q1438966
Trance And Witchcraft,Images Of Madness,Eric Duvivier, France, 1950,
Trance And Witchcraft,The Andromeda Strain,Robert Wise, USA, 1971,Q499036
Trance And Witchcraft,(Vredens Dag),Carl Theodor Dreyer, Denmark, 1943,Q1754532
Trance And Witchcraft,Nosferatu,F.W. Murnau, Germany, 1922,Q151895
Trance And Witchcraft,The Big Shave,Martin Scorsese, USA, 1967,Q2005061
Trance And Witchcraft,Village Of The Damned,Wolf Rilla, Great Britain, 1960,Q658009
Trance And Witchcraft,Bitter Grapes,Richard Bartlett, USA, 1968,
Trance And Witchcraft,Diabolique,Henri Georges Clouziot, France, 1955,Q739046
Trance And Witchcraft,(Anastenaria),Roussos Condouros, Greece, 1961,
Trance And Witchcraft,Onibaba,Kaneto Shindo, Japan, 1964,Q1190090
Trance And Witchcraft,(Ohayo),Yasujiro Oza, Japan, 1960,Q618118
Trance And Witchcraft,Repulsion,Roman Polanski, Great Britain, 1965,Q954816
Trance And Witchcraft,Here Comes Every Body,John Whitmore, USA, 1972,
Trance And Witchcraft,Pigpen,Pier Paolo Pasolini, France/Italy, 1969,Q1196179
Trance And Witchcraft,The House Is Black,Foroogh Farrokhzad, Iran, 1963,Q1168890
Trance And Witchcraft,Vali,Sheldon and Diane Rachlin, USA, 1965,
Trance And Witchcraft,Inauguration Of The Pleasure Dome,Kenneth Anger, USA, 1957,Q6013823
Trance And Witchcraft,The Decameron,Pier Paolo Pasolini, Italy/France/West Germany, 1970,Q720159
Trance And Witchcraft,Look At Life,Nicholas Gosling, Great Britain, 1969,
Trance And Witchcraft,Warrendale,Allan King, Canada, 1966,Q7970632
Trance And Witchcraft,(Blood),Jean-Daniel Pollet, France, 1971,
Trance And Witchcraft,Les Vampires,Louis Feuillade, France, 1915,Q602998
Trance And Witchcraft,Saturday Morning,Kent Mackenzie, USA, 1970,
Trance And Witchcraft,Invasion Of The Body Snatchers,Don Siegel, USA, 1956,Q45386
Trance And Witchcraft,La Taranta,Gianfranco Mengozzi, Italy, 1961,Q3981080
Trance And Witchcraft,Freaks,Tod Browning, USA, 1932,Q1133723
Trance And Witchcraft,Selective Service System,Warren Haack, USA, 1970,
Trance And Witchcraft,Vampyr,Carl Theodor Dreyer, Denmark, 1931,Q304923
Counterculture And Avant-Garde,Woodstock,Michael Wadleigh and Bob Maurice, USA, 1970,Q956288
Counterculture And Avant-Garde,Journey To Boscavia,Bosc, France, 1960,
Counterculture And Avant-Garde,Allures,Jordan Belson, USA, 1961,Q2109452
Counterculture And Avant-Garde,Apotheosis,John Lennon, Great Britain, 1970,Q58814795
Counterculture And Avant-Garde,(Tretya Meshchanskaya),Abram Room, USSR, 1927,Q1977969
Counterculture And Avant-Garde,The Incredible Shrinking Man,Jack Arnold, USA, 1957,Q972001
Counterculture And Avant-Garde,Revolution Of The Electric Family,Morley Markson, Canada, 1970,Q109974393
Counterculture And Avant-Garde,Harry Munter,Kjell Grede, Sweden, 1969,Q5671218
Counterculture And Avant-Garde,Co-Co Puffs,Ira Wohl, USA, 1972,
Counterculture And Avant-Garde,Family,Hubert Smith, USA, 1971,
Counterculture And Avant-Garde,The Flowers Of St. Francis,Roberto Rossellini, Italy, 1950,Q2636079
Counterculture And Avant-Garde,Fata Morgana,Werner Herzog, Germany, 1970,Q2266061
Counterculture And Avant-Garde,Free Radicals,Len Lye, USA, 1957?,Q116144
Counterculture And Avant-Garde,Glen And Randa,Jim McBride, USA, 1971,Q4139699
Counterculture And Avant-Garde,A Hard Day'S Night,Richard Lester, Great Britain, 1964,Q913311
Counterculture And Avant-Garde,Lapis,James Whitney, USA, 1963-67,Q64995744
Counterculture And Avant-Garde,Off-On,Scott Bartlett, USA, 1967,
Counterculture And Avant-Garde,Lightning Waterfall Fern Soup,Shelby Kennedy, USA, 1971,
Counterculture And Avant-Garde,Paradise Now,Sheldon Rachlin, Great Britain, 1970,
Counterculture And Avant-Garde,Pianissimo,Carmen D'Avino, USA, 1963,Q1529316
Counterculture And Avant-Garde,Nebula Ii,Robert Frerck, USA, 1971,
Counterculture And Avant-Garde,Samadhi,Jordan Belson, USA, 1968,
Counterculture And Avant-Garde,Pull My Daisy,Robert Frank and Alfred Leslie, USA, 1959,Q1919594
Counterculture And Avant-Garde,This Is It,James Broughton, USA, 1971,
Counterculture And Avant-Garde,Self-Obliteration,Jud Yalkut, USA, 1967,
Counterculture And Avant-Garde,Lion'S Love,Agnes Varda, USA, 1969,Q3241992
The Subversion Of Subversion,The Pleasure Garden,James Broughton, Great Britain, 1953,Q7757494
The Subversion Of Subversion,2001: A Space Odyssey,Stanley Kubrick, Great Britain, 1968,Q103474
The Eternal Subversion,Relativity,Ed Emshwiller, USA, 1966 ,Q55752315
The Eternal Subversion,Entr'Acte,Rene Clair, France, 1924,Q1345290
